Top pages,Clicks,Impressions,CTR,Position
https://www.singlegrain.com/agency/pay-per-lead-agency/,70,14464,0.48%,33.9
https://www.singlegrain.com/agency/twitch-promotion-services/,70,1892,3.7%,15.47
https://www.singlegrain.com/agency/youtube-growth-agency/,68,1956,3.48%,18.37
https://www.singlegrain.com/agency/youtube-channel-management-agency/,59,4128,1.43%,26.63
https://www.singlegrain.com/agency/reddit-marketing-agency/,58,2429,2.39%,22.24
https://www.singlegrain.com/agency/youtube-consulting/,57,3237,1.76%,17.84
https://www.singlegrain.com/agency/pay-per-lead-agency/i/crypto/,43,1027,4.19%,15
https://www.singlegrain.com/agency/guest-post-link-building-service/i/saas/,41,1277,3.21%,24.34
https://www.singlegrain.com/agency/lead-generation-agency/i/crypto/,36,1041,3.46%,8.61
https://www.singlegrain.com/agency/pay-per-lead-agency/i/travel/,32,3611,0.89%,29.13
https://www.singlegrain.com/agency/ai-media-buying-agency/,31,2324,1.33%,30.57
https://www.singlegrain.com/agency/guest-post-link-building-service/i/health/,29,2584,1.12%,43.53
https://www.singlegrain.com/agency/ai-content-agency/,26,6890,0.38%,39.59
https://www.singlegrain.com/agency/brand-collaboration-agency/,26,1960,1.33%,24.73
https://www.singlegrain.com/agency/guest-post-link-building-service/i/online-education/,25,1322,1.89%,22.88
https://www.singlegrain.com/agency/short-form-video-agency/,24,4156,0.58%,21
https://www.singlegrain.com/agency/linkedin-management-agency/,21,10142,0.21%,44.12
https://www.singlegrain.com/agency/youtube-seo-services/i/gaming/,17,4978,0.34%,24.54
https://www.singlegrain.com/agency/go-to-market-strategy-agency/,17,2929,0.58%,22.39
https://www.singlegrain.com/agency/guest-post-link-building-service/i/hotel/,17,189,8.99%,21.5
https://www.singlegrain.com/agency/small-business-marketing-agency/l/san-francisco/,14,37424,0.04%,51.95
https://www.singlegrain.com/agency/tiktok-growth-services/,14,1713,0.82%,32.47
https://www.singlegrain.com/agency/discord-management-agency/,14,1060,1.32%,22.41
https://www.singlegrain.com/agency/google-my-business-agency/,13,5777,0.23%,25.86
https://www.singlegrain.com/agency/whatsapp-marketing-agency/,13,3178,0.41%,19.74
https://www.singlegrain.com/agency/ai-influencer-agency/,13,945,1.38%,17.3
https://www.singlegrain.com/agency/programmatic-seo-agency/,12,3034,0.4%,63.21
https://www.singlegrain.com/agency/google-ads-agency/l/california/,11,11633,0.09%,46.31
https://www.singlegrain.com/agency/sales-funnel-agency/,11,4799,0.23%,31.17
https://www.singlegrain.com/agency/guest-post-link-building-service/i/gaming/,11,1884,0.58%,58.73
https://www.singlegrain.com/agency/small-business-marketing-agency/l/los-angeles/,10,54385,0.02%,45.9
https://www.singlegrain.com/agency/lottery-marketing-agency/,10,1271,0.79%,19.77
https://www.singlegrain.com/agency/ugc-agency/l/los-angeles/,9,3176,0.28%,54.48
https://www.singlegrain.com/agency/photography-advertising-agency/,9,2163,0.42%,37.99
https://www.singlegrain.com/agency/ai-marketing-agency/i/real-estate/,9,2119,0.42%,56.2
https://www.singlegrain.com/agency/marketing-automation-agency/,8,13546,0.06%,45.3
https://www.singlegrain.com/agency/guest-post-link-building-service/,8,8464,0.09%,66.97
https://www.singlegrain.com/agency/twitter-management-agency/,8,5667,0.14%,30.52
https://www.singlegrain.com/agency/guest-post-link-building-service/i/fintech/,8,392,2.04%,43.23
https://www.singlegrain.com/agency/performance-based-marketing-agency/,7,17254,0.04%,36.57
https://www.singlegrain.com/agency/sustainable-marketing-services/,7,9344,0.07%,28.01
https://www.singlegrain.com/agency/full-funnel-marketing-agency/,7,2732,0.26%,31.08
https://www.singlegrain.com/agency/ai-marketing-agency/i/travel/,7,1931,0.36%,56.06
https://www.singlegrain.com/agency/ai-instagram-services/,7,1889,0.37%,39.91
https://www.singlegrain.com/agency/meta-ads-agency/i/e-commerce/,7,1351,0.52%,62.78
https://www.singlegrain.com/agency/podcast-pr-agency/,7,671,1.04%,45.5
https://www.singlegrain.com/agency/whatsapp-business-consulting/,7,626,1.12%,22.38
https://www.singlegrain.com/agency/guest-post-link-building-service/i/blockchain/,7,473,1.48%,38.72
https://www.singlegrain.com/agency/ugc-agency/i/finance/,7,282,2.48%,25.84
https://www.singlegrain.com/agency/google-ads-agency/i/gaming/,7,244,2.87%,38.38
https://www.singlegrain.com/agency/content-repurposing-agency/,6,1993,0.3%,19.1
https://www.singlegrain.com/agency/retention-marketing-agency/,6,1151,0.52%,37.63
https://www.singlegrain.com/agency/user-retention-agency/,6,832,0.72%,28.68
https://www.singlegrain.com/agency/sales-funnel-agency/i/travel/,6,374,1.6%,10.75
https://www.singlegrain.com/agency/link-building-services/,5,19658,0.03%,79.95
https://www.singlegrain.com/agency/small-business-marketing-agency/l/san-diego/,5,5975,0.08%,46.93
https://www.singlegrain.com/agency/discord-marketing-agency/,5,3281,0.15%,12.84
https://www.singlegrain.com/agency/tiktok-seo-agency/,5,3067,0.16%,42.42
https://www.singlegrain.com/agency/gmb-management-agency/,5,2548,0.2%,45.97
https://www.singlegrain.com/agency/nutritionist-marketing-agency/,5,1308,0.38%,22.48
https://www.singlegrain.com/agency/amazon-ranking-services/,5,1045,0.48%,18.12
https://www.singlegrain.com/agency/ai-consulting-agency/i/education/,5,909,0.55%,19.93
https://www.singlegrain.com/agency/crypto-twitter-marketing-agency/,5,877,0.57%,44.1
https://www.singlegrain.com/agency/retail-sales-agency/,5,860,0.58%,33.37
https://www.singlegrain.com/agency/twitter-growth-agency/,5,830,0.6%,17.69
https://www.singlegrain.com/agency/ugc-agency/i/travel/,5,652,0.77%,43.84
https://www.singlegrain.com/agency/monetization-agency/,5,616,0.81%,38.69
https://www.singlegrain.com/agency/ai-facebook-agency/,5,332,1.51%,39.27
https://www.singlegrain.com/agency/user-generated-content-agency/i/saas/,5,234,2.14%,11.6
https://www.singlegrain.com/agency/ai-marketing-agency/l/california/,5,233,2.15%,46.07
https://www.singlegrain.com/agency/online-sales-funnel-consulting/i/crypto/,5,165,3.03%,13.73
https://www.singlegrain.com/agency/data-management-services/,5,25,20%,3.64
https://www.singlegrain.com/agency/growth-strategy-agency/,4,9848,0.04%,58.86
https://www.singlegrain.com/agency/omnichannel-marketing-agency/,4,4145,0.1%,41.22
https://www.singlegrain.com/agency/ecommerce-growth-agency/,4,1957,0.2%,31.86
https://www.singlegrain.com/agency/ai-acquisition-agency/,4,1779,0.22%,23.5
https://www.singlegrain.com/agency/saas-sales-agency/,4,1646,0.24%,40.77
https://www.singlegrain.com/agency/meta-marketing-agency/i/luxury/,4,1534,0.26%,47.34
https://www.singlegrain.com/agency/google-ads-agency/i/crypto/,4,1110,0.36%,24.59
https://www.singlegrain.com/agency/ai-marketing-agency/l/miami/,4,1069,0.37%,25.89
https://www.singlegrain.com/agency/ai-marketing-agency/l/los-angeles/,4,793,0.5%,25.18
https://www.singlegrain.com/agency/lead-conversion-agency/,4,605,0.66%,27.08
https://www.singlegrain.com/agency/vegan-marketing-agency/,4,557,0.72%,20.08
https://www.singlegrain.com/agency/ai-business-consulting/l/san-francisco/,4,385,1.04%,29.31
https://www.singlegrain.com/agency/micro-saas-agency/i/real-estate/,4,374,1.07%,22.1
https://www.singlegrain.com/agency/youtube-agency/,4,294,1.36%,44.07
https://www.singlegrain.com/es/agency/agencia-de-marketing-reddit/,4,78,5.13%,15.46
https://www.singlegrain.com/agency/storytelling-agency/,3,4633,0.06%,31.4
https://www.singlegrain.com/agency/brand-strategist-agency/l/los-angeles/,3,4133,0.07%,51.34
https://www.singlegrain.com/agency/boutique-social-media-agency/,3,4021,0.07%,36.24
https://www.singlegrain.com/agency/personal-branding-agency/,3,3992,0.08%,45.27
https://www.singlegrain.com/agency/solar-marketing-services/,3,3463,0.09%,42.91
https://www.singlegrain.com/agency/cpa-marketing-services/,3,3271,0.09%,47
https://www.singlegrain.com/agency/b2b-sales-agency/,3,3058,0.1%,40.15
https://www.singlegrain.com/agency/google-ads-agency/l/orange-county/,3,2901,0.1%,48.7
https://www.singlegrain.com/agency/pet-marketing-agency/,3,2669,0.11%,31.16
https://www.singlegrain.com/agency/link-building-services/i/gaming/,3,2126,0.14%,49.29
https://www.singlegrain.com/agency/seo-agencies/l/california/,3,1967,0.15%,58.76
https://www.singlegrain.com/agency/tiktok-ads-agency/i/crypto/,3,1778,0.17%,40.17
https://www.singlegrain.com/agency/google-ads-agency/i/travel/,3,1546,0.19%,43.58
https://www.singlegrain.com/es/agency/agencia-de-contenidos-ai/,3,1440,0.21%,37.26
https://www.singlegrain.com/agency/product-led-growth-agency/,3,1073,0.28%,28.6
https://www.singlegrain.com/agency/short-form-video-agency/l/los-angeles/,3,899,0.33%,47.05
https://www.singlegrain.com/agency/instagram-consulting/,3,847,0.35%,26.37
https://www.singlegrain.com/agency/lead-generation-agency/i/gaming/,3,841,0.36%,51.68
https://www.singlegrain.com/agency/ai-marketing-agency/i/hotel/,3,741,0.4%,53.77
https://www.singlegrain.com/agency/discord-marketing-agency/i/gaming/,3,579,0.52%,12.27
https://www.singlegrain.com/agency/guest-post-link-building-service/l/california/,3,562,0.53%,65.11
https://www.singlegrain.com/agency/ai-consulting-companies/l/miami/,3,497,0.6%,60.19
https://www.singlegrain.com/agency/podcast-growth-agency/,3,479,0.63%,29.79
https://www.singlegrain.com/agency/pay-per-lead-agency/i/real-estate/,3,441,0.68%,48.12
https://www.singlegrain.com/agency/guest-post-link-building-service/l/los-angeles/,3,384,0.78%,52.05
https://www.singlegrain.com/agency/sales-funnel-services/i/gaming/,3,311,0.96%,24.15
https://www.singlegrain.com/agency/influencer-marketing-agency/l/california/,3,240,1.25%,60.83
https://www.singlegrain.com/agency/klaviyo-email-marketing-agency/i/travel/,3,193,1.55%,43.85
https://www.singlegrain.com/agency/ugc-agency/i/crypto/,3,105,2.86%,12.97
https://www.singlegrain.com/agency/marketing-automation-agency/i/real-estate/,2,4962,0.04%,50.36
https://www.singlegrain.com/agency/full-service-email-marketing-agency/l/california/,2,3677,0.05%,57.66
https://www.singlegrain.com/agency/influencer-marketing-agency/,2,3642,0.05%,68.74
https://www.singlegrain.com/agency/winery-marketing-agency/,2,3483,0.06%,42.67
https://www.singlegrain.com/agency/influencer-marketing-agency/i/fintech/,2,2916,0.07%,61.27
https://www.singlegrain.com/agency/sales-funnel-consulting/,2,2484,0.08%,16.04
https://www.singlegrain.com/agency/ai-chatbot-agency/,2,2194,0.09%,63.18
https://www.singlegrain.com/agency/edtech-marketing-agency/,2,2066,0.1%,30.6
https://www.singlegrain.com/agency/product-launch-agency/,2,2045,0.1%,30.44
https://www.singlegrain.com/agency/meta-ads-agency/l/los-angeles/,2,1792,0.11%,55.34
https://www.singlegrain.com/agency/small-business-marketing-agency/l/california/,2,1616,0.12%,52.64
https://www.singlegrain.com/agency/marketing-consulting-firms/i/education/,2,1597,0.13%,42.39
https://www.singlegrain.com/agency/lead-generation-agency/i/fintech/,2,1359,0.15%,21.65
https://www.singlegrain.com/agency/adtech-consulting/,2,1309,0.15%,41.16
https://www.singlegrain.com/agency/pay-per-lead-agency/i/education/,2,1160,0.17%,58.72
https://www.singlegrain.com/agency/affiliate-marketing-management-agency/,2,1027,0.19%,59.92
https://www.singlegrain.com/agency/programmatic-advertising-services/i/blockchain/,2,902,0.22%,52.83
https://www.singlegrain.com/agency/user-generated-content-agency/l/los-angeles/,2,759,0.26%,7.18
https://www.singlegrain.com/agency/twitch-agency/,2,709,0.28%,28.35
https://www.singlegrain.com/agency/discord-promotion-agency/,2,689,0.29%,17.78
https://www.singlegrain.com/agency/google-analytics-services/i/crypto/,2,589,0.34%,56.26
https://www.singlegrain.com/agency/affiliate-marketing-agency/i/gaming/,2,556,0.36%,55.11
https://www.singlegrain.com/agency/link-building-services/l/los-angeles/,2,518,0.39%,21.89
https://www.singlegrain.com/agency/ai-marketing-agency/l/san-diego/,2,510,0.39%,29.45
https://www.singlegrain.com/es/agency/agencia-de-gestion-de-canales-de-youtube/,2,501,0.4%,40.5
https://www.singlegrain.com/agency/influencer-marketing-agency/l/san-francisco/,2,469,0.43%,33.2
https://www.singlegrain.com/agency/meta-ads-agency/l/florida/,2,449,0.45%,65.64
https://www.singlegrain.com/agency/ppc-campaign-management/i/fintech/,2,434,0.46%,23.26
https://www.singlegrain.com/agency/personal-branding-agency/i/travel/,2,284,0.7%,36.29
https://www.singlegrain.com/agency/seo-agency/,2,255,0.78%,20.4
https://www.singlegrain.com/agency/ai-marketing-agency/i/crypto/,2,123,1.63%,17.42
https://www.singlegrain.com/agency/linkedin-marketing-agency/l/california/,2,64,3.12%,20.03
https://www.singlegrain.com/agency/ai-business-consulting/i/crypto/,2,51,3.92%,27.94
https://www.singlegrain.com/agency/social-media-management-services/l/california/,2,44,4.55%,16.82
https://www.singlegrain.com/agency/affiliate-marketing-agency/l/orange-county/,2,9,22.22%,5.78
https://www.singlegrain.com/agency/digital-marketing-services/i/online-education/,2,5,40%,7.8
https://www.singlegrain.com/agency/seo-agencies/i/travel/,1,12313,0.01%,49.09
https://www.singlegrain.com/agency/customer-acquisition-agency/,1,5027,0.02%,24.21
https://www.singlegrain.com/agency/local-seo-agency/l/chicago/,1,4850,0.02%,70.34
https://www.singlegrain.com/agency/ai-digital-marketing-agency/,1,4596,0.02%,47.82
https://www.singlegrain.com/agency/instagram-management-services/,1,4494,0.02%,34.4
https://www.singlegrain.com/agency/health-and-wellness-marketing-agency/,1,4197,0.02%,41.33
https://www.singlegrain.com/agency/full-service-email-marketing-agency/l/los-angeles/,1,3965,0.03%,38.42
https://www.singlegrain.com/agency/seo-agency/l/memphis/,1,3634,0.03%,37.07
https://www.singlegrain.com/agency/enterprise-creative-agency/i/luxury/,1,3574,0.03%,65.62
https://www.singlegrain.com/agency/youtube-seo-services/,1,3492,0.03%,37.52
https://www.singlegrain.com/agency/b2b-podcast-agency/,1,3170,0.03%,52.84
https://www.singlegrain.com/agency/b2c-lead-generation-agency/,1,2927,0.03%,68.57
https://www.singlegrain.com/agency/chatbot-agency/,1,2740,0.04%,31.84
https://www.singlegrain.com/agency/digital-marketing-services/,1,2608,0.04%,13.14
https://www.singlegrain.com/agency/seo-agency/l/louisville/,1,2453,0.04%,57.28
https://www.singlegrain.com/agency/ai-seo-agency/,1,1838,0.05%,44.22
https://www.singlegrain.com/agency/outbound-marketing-agency/,1,1567,0.06%,22.13
https://www.singlegrain.com/agency/gym-lead-generation-agency/,1,1439,0.07%,55.39
https://www.singlegrain.com/agency/ai-consulting-companies/i/saas/,1,1394,0.07%,46.13
https://www.singlegrain.com/agency/web3-design-agency/l/california/,1,1353,0.07%,36.24
https://www.singlegrain.com/agency/fertility-marketing-agency/,1,1329,0.08%,38.31
https://www.singlegrain.com/agency/youtube-seo-services/i/crypto/,1,1289,0.08%,43.16
https://www.singlegrain.com/agency/voice-search-optimization-agency/i/health/,1,1235,0.08%,49.29
https://www.singlegrain.com/agency/sales-funnel-agency/i/saas/,1,1228,0.08%,65.33
https://www.singlegrain.com/agency/creative-marketing-consulting/,1,1221,0.08%,42.54
https://www.singlegrain.com/agency/lifestyle-branding-agency/,1,1155,0.09%,35.65
https://www.singlegrain.com/agency/sales-funnel-digital-marketing-agency/,1,1107,0.09%,44.85
https://www.singlegrain.com/agency/sustainable-marketing-agency/,1,969,0.1%,41.83
https://www.singlegrain.com/agency/ecommerce-pr-agency/,1,965,0.1%,23.92
https://www.singlegrain.com/agency/ai-consulting-agency/,1,883,0.11%,49.74
https://www.singlegrain.com/agency/programmatic-seo-agency/i/real-estate/,1,867,0.12%,73.86
https://www.singlegrain.com/agency/content-production-agency/l/san-diego/,1,866,0.12%,59.33
https://www.singlegrain.com/agency/ppc-campaign-management/i/gaming/,1,853,0.12%,34.32
https://www.singlegrain.com/agency/google-ads-agency/l/miami/,1,784,0.13%,35.78
https://www.singlegrain.com/agency/google-ads-agency/l/florida/,1,755,0.13%,48.33
https://www.singlegrain.com/agency/twitter-influencer-agency/i/saas/,1,732,0.14%,37.48
https://www.singlegrain.com/agency/short-form-video-agency/i/luxury/,1,712,0.14%,29.21
https://www.singlegrain.com/agency/growth-marketing-agency/l/san-francisco/,1,697,0.14%,38.48
https://www.singlegrain.com/agency/tiktok-management-service/,1,672,0.15%,37.79
https://www.singlegrain.com/agency/influencer-marketing-agency/i/travel/,1,627,0.16%,52.34
https://www.singlegrain.com/agency/cold-email-consulting/,1,613,0.16%,55.44
https://www.singlegrain.com/agency/ppc-management-agency/l/california/,1,610,0.16%,29.62
https://www.singlegrain.com/agency/branding-agency/i/travel/,1,587,0.17%,40.37
https://www.singlegrain.com/agency/google-ads-agency/l/boston/,1,536,0.19%,20.67
https://www.singlegrain.com/agency/customer-acquisition-agency/i/luxury/,1,523,0.19%,36.75
https://www.singlegrain.com/agency/facebook-ads-agency/l/new-york/,1,517,0.19%,40.38
https://www.singlegrain.com/agency/jewelry-marketing-agency/,1,475,0.21%,23.65
https://www.singlegrain.com/agency/facebook-agency-partner/i/gaming/,1,458,0.22%,56.3
https://www.singlegrain.com/agency/prompt-engineering-agency/,1,452,0.22%,40.53
https://www.singlegrain.com/agency/landing-page-consulting/,1,435,0.23%,39.8
https://www.singlegrain.com/agency/culinary-marketing-agency/,1,419,0.24%,30.16
https://www.singlegrain.com/agency/ai-copywriting-agency/,1,403,0.25%,29.33
https://www.singlegrain.com/agency/youtube-shorts-agency/,1,401,0.25%,9.69
https://www.singlegrain.com/agency/full-service-digital-marketing-agency/l/los-angeles/,1,396,0.25%,8.07
https://www.singlegrain.com/agency/facebook-ad-management-services/l/atlanta/,1,359,0.28%,7.35
https://www.singlegrain.com/agency/b2b-podcast-agency/i/finance/,1,358,0.28%,69.13
https://www.singlegrain.com/agency/ugc-agency/l/california/,1,341,0.29%,49.85
https://www.singlegrain.com/agency/link-building-services/i/finance/,1,316,0.32%,17.82
https://www.singlegrain.com/agency/micro-saas-agency/,1,307,0.33%,30.02
https://www.singlegrain.com/agency/link-building-agency/i/crypto/,1,300,0.33%,20.54
https://www.singlegrain.com/agency/ai-influencer-marketing-services/,1,292,0.34%,33.09
https://www.singlegrain.com/agency/personal-branding-agency/i/crypto/,1,285,0.35%,39.81
https://www.singlegrain.com/agency/reddit-marketing-agency/i/fintech/,1,277,0.36%,33.48
https://www.singlegrain.com/agency/conversion-rate-optimization-service/i/fintech/,1,270,0.37%,21.34
https://www.singlegrain.com/agency/twitter-influencer-agency/i/crypto/,1,267,0.37%,36.12
https://www.singlegrain.com/es/agency/agencia-de-ventas-saas/,1,259,0.39%,39.69
https://www.singlegrain.com/agency/lead-generation-agency/,1,255,0.39%,54.04
https://www.singlegrain.com/agency/b2b-digital-marketing-agency/i/education/,1,226,0.44%,46.3
https://www.singlegrain.com/agency/go-to-market-strategy-agency/i/gaming/,1,214,0.47%,31.43
https://www.singlegrain.com/agency/google-display-ads-agency/i/blockchain/,1,205,0.49%,19.51
https://www.singlegrain.com/agency/linkedin-lead-generation-agency/i/finance/,1,195,0.51%,47.02
https://www.singlegrain.com/agency/youtube-agency/i/gaming/,1,184,0.54%,40.9
https://www.singlegrain.com/agency/social-media-management-services/i/crypto,1,183,0.55%,53.24
https://www.singlegrain.com/agency/seo-audit-service/i/travel/,1,177,0.56%,14.66
https://www.singlegrain.com/es/agency/agencia-de-marketing-de-influencers-para-fintech/,1,174,0.57%,16.16
https://www.singlegrain.com/agency/inbound-link-building-service/i/e-commerce,1,161,0.62%,21.55
https://www.singlegrain.com/agency/micro-saas-agency/i/education/,1,143,0.7%,13.2
https://www.singlegrain.com/agency/facebook-ads-agency/l/dallas/,1,127,0.79%,16.9
https://www.singlegrain.com/agency/amazon-agency/l/houston/,1,124,0.81%,34.71
https://www.singlegrain.com/agency/google-analytics-services/i/fintech/,1,117,0.85%,39
https://www.singlegrain.com/agency/amazon-agency/l/atlanta/,1,111,0.9%,42.16
https://www.singlegrain.com/agency/facebook-ads-agency/i/crypto/,1,99,1.01%,20
https://www.singlegrain.com/agency/digital-marketing-agency-linkedin/,1,94,1.06%,24.95
https://www.singlegrain.com/agency/seo-services/l/portland/,1,80,1.25%,51.81
https://www.singlegrain.com/es/agency/guest-post-servicio-de-construccion-de-enlaces-para-el-juego/,1,75,1.33%,53.32
https://www.singlegrain.com/agency/marketing-consulting-firms/l/san-diego/,1,65,1.54%,5.77
https://www.singlegrain.com/agency/meta-ads-agency/i/education/,1,53,1.89%,20.23
https://www.singlegrain.com/agency/ai-consulting-firms/i/education/,1,52,1.92%,41.06
https://www.singlegrain.com/agency/seo-agency/i/crypto/,1,46,2.17%,37.98
https://www.singlegrain.com/es/agency/agencia-del-embudo-de-ventas/,1,32,3.12%,10.28
https://www.singlegrain.com/agency/omnichannel-consulting/i/e-commerce,1,31,3.23%,22.42
https://www.singlegrain.com/agency/creative-ad-agency/,1,31,3.23%,46.16
https://www.singlegrain.com/agency/facebook-ads-agency/l/miami/,1,24,4.17%,5.79
https://www.singlegrain.com/agency/affiliate-marketing-agency/i/saas/,1,20,5%,19.25
https://www.singlegrain.com/agency/facebook-ads-agency/l/san-diego/,1,18,5.56%,12.39
https://www.singlegrain.com/agency/content-creation-marketing-agency/,1,18,5.56%,27.5
https://www.singlegrain.com/agency/youtube-agency/l/miami/,1,17,5.88%,8.88
https://www.singlegrain.com/es/agency/agencia-de-marketing-de-loterias/,1,16,6.25%,6.56
https://www.singlegrain.com/es/agency/agencia-de-crecimiento-de-youtube/,1,11,9.09%,11.64
https://www.singlegrain.com/agency/small-business-marketing-agency/i/fintech/,1,10,10%,38.9
https://www.singlegrain.com/agency/user-generated-content-agency/l/san-diego/,1,9,11.11%,32.78
https://www.singlegrain.com/agency/affiliate-marketing-agency/i/luxury,1,8,12.5%,5.62
https://www.singlegrain.com/es/agency/agencia-de-gestion-de-la-discordia/,1,8,12.5%,6
https://www.singlegrain.com/es/agency/agencia-de-colaboracion-de-marcas/,1,7,14.29%,4.71
https://www.singlegrain.com/agency/digital-marketing-agency-youtube/l/miami/,1,7,14.29%,6.14
https://www.singlegrain.com/agency/email-marketing-services/,1,6,16.67%,3.33
https://www.singlegrain.com/agency/seo-agencies/i/e-commerce/,1,5,20%,1.8
https://www.singlegrain.com/agency/content-creative-agency/,1,4,25%,6.25
https://www.singlegrain.com/agency/paid-media-agency/,1,3,33.33%,5
https://www.singlegrain.com/agency/ppc-management-agency/i/gaming,1,1,100%,2
https://www.singlegrain.com/agency/seo-agency/i/consumer,1,1,100%,74
https://www.singlegrain.com/agency/programmatic-advertising-agency/,0,13113,0%,66.29
https://www.singlegrain.com/agency/international-seo-consultant/,0,10704,0%,39.31
https://www.singlegrain.com/agency/b2b-digital-marketing-agency/,0,9743,0%,68.13
https://www.singlegrain.com/agency/small-business-ppc-agency/,0,8896,0%,46.04
https://www.singlegrain.com/agency/small-business-marketing-agency/l/orange-county/,0,8445,0%,49.99
https://www.singlegrain.com/agency/google-shopping-ads-agency/i/hotel/,0,6438,0%,74.51
https://www.singlegrain.com/agency/health-and-fitness-marketing-agency/,0,5638,0%,60.16
https://www.singlegrain.com/agency/seo-agencies/i/crypto/,0,5586,0%,32.79
https://www.singlegrain.com/agency/seo-agencies/l/raleigh/,0,5574,0%,71.35
https://www.singlegrain.com/agency/tiktok-ads-agency/,0,5164,0%,66.55
https://www.singlegrain.com/agency/growth-marketing-agency/,0,4824,0%,53.45
https://www.singlegrain.com/agency/roi-marketing-agency/,0,4777,0%,20.61
https://www.singlegrain.com/agency/meta-ads-agency/,0,4477,0%,63.88
https://www.singlegrain.com/agency/seo-agency/l/austin/,0,4461,0%,83.84
https://www.singlegrain.com/agency/social-media-management-services/l/san-diego/,0,4405,0%,26.29
https://www.singlegrain.com/agency/video-content-creation-services/,0,4162,0%,55.87
https://www.singlegrain.com/agency/google-tag-manager-agency/,0,3895,0%,42.03
https://www.singlegrain.com/agency/linkedin-lead-generation-agency/,0,3787,0%,34.76
https://www.singlegrain.com/agency/seo-agency/l/georgia/,0,3505,0%,24.6
https://www.singlegrain.com/agency/google-tag-manager-consultant/,0,3288,0%,39.43
https://www.singlegrain.com/agency/digital-marketing-agency-lead-generation/i/real-estate/,0,3232,0%,63.64
https://www.singlegrain.com/agency/google-analytics-agency/,0,3224,0%,45.16
https://www.singlegrain.com/agency/retargeting-agency/,0,3195,0%,52.38
https://www.singlegrain.com/agency/b2b-brand-agency/i/saas,0,3088,0%,60.91
https://www.singlegrain.com/agency/digital-marketing-audit-services/i/saas/,0,3066,0%,42.89
https://www.singlegrain.com/agency/ugc-agency/,0,2522,0%,58.96
https://www.singlegrain.com/agency/medtech-marketing-agency/,0,2507,0%,49.02
https://www.singlegrain.com/agency/pinterest-management-agency/,0,2434,0%,53.48
https://www.singlegrain.com/agency/content-audit-service/,0,2350,0%,38.85
https://www.singlegrain.com/agency/manual-link-building-service/,0,2330,0%,36.84
https://www.singlegrain.com/agency/google-analytics-services/,0,2261,0%,56.7
https://www.singlegrain.com/agency/chiropractor-ppc-agency/,0,2234,0%,25.18
https://www.singlegrain.com/agency/google-ads-agency/l/new-jersey/,0,2219,0%,23.61
https://www.singlegrain.com/agency/enterprise-ppc-management/,0,2113,0%,22.13
https://www.singlegrain.com/agency/ai-consulting-companies/i/health/,0,2090,0%,40.39
https://www.singlegrain.com/agency/local-seo-marketing-agency/,0,2056,0%,77.55
https://www.singlegrain.com/agency/seo-agency/l/tulsa/,0,2003,0%,54.94
https://www.singlegrain.com/agency/digital-marketing-services/i/luxury/,0,1977,0%,55.61
https://www.singlegrain.com/agency/digital-marketing-automation-agency/l/los-angeles/,0,1937,0%,35.3
https://www.singlegrain.com/agency/branding-agency/i/hotel/,0,1931,0%,43.17
https://www.singlegrain.com/agency/branding-agency/i/real-estate/,0,1810,0%,50.76
https://www.singlegrain.com/agency/fashion-marketing-services/,0,1788,0%,53.17
https://www.singlegrain.com/agency/full-service-ecommerce-agency/,0,1774,0%,33.78
https://www.singlegrain.com/agency/google-ads-agency/,0,1732,0%,65.79
https://www.singlegrain.com/agency/b2b-google-ads-agency/i/saas/,0,1636,0%,45.16
https://www.singlegrain.com/agency/beauty-salon-marketing-agency/,0,1553,0%,51.02
https://www.singlegrain.com/agency/google-analytics-setup-service/,0,1511,0%,49.86
https://www.singlegrain.com/agency/social-media-management-services/l/san-francisco/,0,1441,0%,30.4
https://www.singlegrain.com/agency/klaviyo-email-marketing-agency/,0,1384,0%,51.08
https://www.singlegrain.com/agency/google-ads-agency/l/los-angeles/,0,1326,0%,32.48
https://www.singlegrain.com/agency/ppc-campaign-management/l/san-diego/,0,1264,0%,42.05
https://www.singlegrain.com/agency/linkedin-ads-agency/i/saas/,0,1227,0%,48.8
https://www.singlegrain.com/agency/omnichannel-marketing-agency/i/health/,0,1226,0%,64.35
https://www.singlegrain.com/agency/programmatic-consulting/,0,1139,0%,20.75
https://www.singlegrain.com/agency/email-marketing-automation-agency/,0,1102,0%,54.88
https://www.singlegrain.com/agency/seo-audit-service/i/health/,0,1088,0%,33.1
https://www.singlegrain.com/agency/b2c-email-marketing-services/,0,1076,0%,76.94
https://www.singlegrain.com/agency/ai-consulting-companies/i/finance,0,1074,0%,68.13
https://www.singlegrain.com/agency/martech-agency/,0,1050,0%,45.72
https://www.singlegrain.com/agency/pay-per-lead-agency/l/california/,0,1046,0%,51.83
https://www.singlegrain.com/agency/ppc-management-agency/l/florida/,0,1041,0%,18.53
https://www.singlegrain.com/agency/google-shopping-ads-agency/,0,1024,0%,88.05
https://www.singlegrain.com/agency/amazon-sem-services/,0,1008,0%,24.37
https://www.singlegrain.com/agency/ppc-management-agency/l/san-diego/,0,1002,0%,33.25
https://www.singlegrain.com/agency/ai-marketing-agency/,0,991,0%,10.8
https://www.singlegrain.com/agency/influencer-marketing-agency/i/hotel/,0,991,0%,57.88
https://www.singlegrain.com/agency/ppc-consulting/i/crypto/,0,984,0%,26.89
https://www.singlegrain.com/agency/conversion-rate-optimization-consultants/i/saas/,0,981,0%,50.55
https://www.singlegrain.com/agency/content-creative-agency/l/san-francisco/,0,981,0%,53.99
https://www.singlegrain.com/agency/lead-generation-agency/i/saas/,0,976,0%,45.38
https://www.singlegrain.com/agency/ppc-management-agency/i/health,0,971,0%,45.69
https://www.singlegrain.com/agency/lead-generation-agency/l/chicago/,0,949,0%,28.97
https://www.singlegrain.com/agency/dental-seo-services/,0,920,0%,76.53
https://www.singlegrain.com/agency/organic-seo-agency/,0,906,0%,63.71
https://www.singlegrain.com/agency/employer-branding-agency/,0,861,0%,56.1
https://www.singlegrain.com/agency/content-marketing-strategy-services/l/san-diego/,0,856,0%,35.88
https://www.singlegrain.com/agency/adwords-consulting/i/luxury/,0,824,0%,50.22
https://www.singlegrain.com/agency/b2b-consulting-firms/i/travel/,0,781,0%,64.6
https://www.singlegrain.com/agency/omnichannel-agency/i/e-commerce/,0,765,0%,34.33
https://www.singlegrain.com/agency/employer-branding-agency/l/san-francisco/,0,754,0%,81.18
https://www.singlegrain.com/agency/ai-consulting-companies/i/crypto,0,722,0%,68.82
https://www.singlegrain.com/agency/search-engine-marketing-consulting/i/saas,0,721,0%,65.14
https://www.singlegrain.com/agency/pinterest-management-agency/i/saas/,0,720,0%,38.78
https://www.singlegrain.com/agency/google-tag-manager-agency/i/real-estate/,0,720,0%,52.89
https://www.singlegrain.com/agency/affiliate-marketing-agency/i/blockchain/,0,707,0%,62.65
https://www.singlegrain.com/agency/web3-seo-agency/,0,670,0%,16.1
https://www.singlegrain.com/agency/food-delivery-service-ppc-agency/,0,657,0%,7.9
https://www.singlegrain.com/agency/cro-services/,0,632,0%,48.59
https://www.singlegrain.com/agency/b2b-brand-agency/,0,631,0%,65.05
https://www.singlegrain.com/agency/branding-agency/i/health/,0,627,0%,54.16
https://www.singlegrain.com/agency/short-form-video-agency/l/miami/,0,626,0%,21.63
https://www.singlegrain.com/agency/link-building-agency/i/saas/,0,611,0%,69.97
https://www.singlegrain.com/agency/full-service-email-marketing-agency/,0,597,0%,49.86
https://www.singlegrain.com/agency/prospecting-agency/,0,594,0%,26.2
https://www.singlegrain.com/agency/small-business-marketing-agency/l/miami/,0,594,0%,26.83
https://www.singlegrain.com/agency/wordpress-seo-agency/,0,589,0%,64.92
https://www.singlegrain.com/agency/discord-marketing-agency/i/saas/,0,572,0%,14.09
https://www.singlegrain.com/agency/seo-agency/l/boston/,0,571,0%,95.62
https://www.singlegrain.com/agency/sales-funnel-services/,0,559,0%,45.09
https://www.singlegrain.com/agency/full-service-content-marketing-agency/l/orange-county/,0,546,0%,18.81
https://www.singlegrain.com/es/agency/agencia-de-marketing-para-nutricionistas/,0,543,0%,24.71
https://www.singlegrain.com/agency/seo-agency/l/jacksonville/,0,530,0%,71.98
https://www.singlegrain.com/agency/enterprise-seo-agency/,0,528,0%,59.72
https://www.singlegrain.com/agency/twitter-influencer-agency/,0,528,0%,62.31
https://www.singlegrain.com/agency/guest-post-link-building-service/l/florida/,0,520,0%,22.42
https://www.singlegrain.com/agency/branding-agency/i/blockchain/,0,499,0%,29.46
https://www.singlegrain.com/agency/tiktok-ads-agency/i/saas/,0,498,0%,22.74
https://www.singlegrain.com/agency/ppc-management-agency/l/san-francisco/,0,495,0%,30.31
https://www.singlegrain.com/agency/podcast-agency/,0,495,0%,62.22
https://www.singlegrain.com/agency/ppc-management-agency/l/new-york/,0,469,0%,31.5
https://www.singlegrain.com/agency/lead-generation-agency/l/miami/,0,459,0%,17.94
https://www.singlegrain.com/agency/google-ads-agency/i/dentists/,0,448,0%,20.19
https://www.singlegrain.com/es/agency/agencia-de-anuncios-tiktok-para-criptomonedas/,0,445,0%,70.13
https://www.singlegrain.com/agency/micro-saas-agency/i/crypto/,0,441,0%,27.5
https://www.singlegrain.com/agency/lead-generation-agency/l/arizona/,0,439,0%,26.98
https://www.singlegrain.com/agency/b2b-ecommerce-consulting/,0,435,0%,34.94
https://www.singlegrain.com/agency/cro-analysis-service/i/health/,0,431,0%,49.86
https://www.singlegrain.com/agency/disruptive-marketing-agency/,0,422,0%,30.18
https://www.singlegrain.com/agency/sales-funnel-services/l/los-angeles/,0,418,0%,31.66
https://www.singlegrain.com/agency/b2b-ecommerce-agency/i/consumer,0,416,0%,32.45
https://www.singlegrain.com/agency/google-rankings-agency/,0,408,0%,17.28
https://www.singlegrain.com/agency/customer-acquisition-agency/i/real-estate/,0,399,0%,30.68
https://www.singlegrain.com/agency/marketing-consulting-firms/i/travel/,0,394,0%,57.87
https://www.singlegrain.com/agency/marketing-consulting-firms/l/san-francisco/,0,389,0%,72.18
https://www.singlegrain.com/agency/branding-agency/i/crypto/,0,384,0%,24.43
https://www.singlegrain.com/agency/b2b-ecommerce-agency/i/saas,0,384,0%,43.35
https://www.singlegrain.com/agency/google-tag-manager-agency/i/saas/,0,369,0%,37.16
https://www.singlegrain.com/agency/local-inbound-marketing-agency/i/saas,0,368,0%,14.7
https://www.singlegrain.com/agency/cro-analysis-service/i/hotel,0,363,0%,57.26
https://www.singlegrain.com/agency/ai-consulting-companies/i/travel/,0,359,0%,67.13
https://www.singlegrain.com/agency/google-analytics-audit-service/,0,357,0%,41.6
https://www.singlegrain.com/agency/email-marketing-services/l/san-diego/,0,355,0%,21.22
https://www.singlegrain.com/agency/seo-agency/l/columbus/,0,351,0%,49.39
https://www.singlegrain.com/agency/ppc-management-agency/l/los-angeles/,0,347,0%,33.07
https://www.singlegrain.com/agency/monetization-agency/l/los-angeles/,0,344,0%,18.68
https://www.singlegrain.com/agency/creative-ad-agency/l/seattle/,0,344,0%,74.39
https://www.singlegrain.com/agency/saas-email-marketing-agency/,0,343,0%,38.3
https://www.singlegrain.com/agency/short-form-video-agency/i/saas/,0,338,0%,36.48
https://www.singlegrain.com/agency/twitter-influencer-agency/i/blockchain/,0,336,0%,21.29
https://www.singlegrain.com/agency/programmatic-services/i/crypto,0,333,0%,49.73
https://www.singlegrain.com/agency/reels-influencer-marketing-agency/,0,328,0%,22.65
https://www.singlegrain.com/agency/youtube-seo-services/i/finance/,0,326,0%,18.17
https://www.singlegrain.com/agency/twitter-ads-consulting/,0,322,0%,21.35
https://www.singlegrain.com/agency/ai-marketing-agency/i/gaming/,0,319,0%,14.69
https://www.singlegrain.com/agency/google-local-seo-service/i/saas/,0,319,0%,51.54
https://www.singlegrain.com/agency/travel-marketing-agency/,0,319,0%,65.9
https://www.singlegrain.com/agency/full-service-email-marketing-agency/l/orange-county/,0,314,0%,12.65
https://www.singlegrain.com/agency/vegan-digital-marketing-agency/,0,312,0%,26.63
https://www.singlegrain.com/agency/shopify-ppc-agency/,0,309,0%,15.19
https://www.singlegrain.com/agency/youtube-seo-services/i/travel/,0,308,0%,17.72
https://www.singlegrain.com/agency/ppc-management-agency/i/restaurants/,0,306,0%,17.22
https://www.singlegrain.com/agency/cold-email-agency/,0,300,0%,66.06
https://www.singlegrain.com/agency/google-adwords-campaign-management-services/,0,298,0%,52.7
https://www.singlegrain.com/agency/inbound-marketing-company/l/los-angeles/,0,295,0%,6.62
https://www.singlegrain.com/agency/ai-b2b-agency/,0,284,0%,15.94
https://www.singlegrain.com/agency/email-marketing-services/l/orange-county/,0,283,0%,19.82
https://www.singlegrain.com/agency/search-engine-marketing-consulting/l/florida/,0,275,0%,37.22
https://www.singlegrain.com/agency/digital-marketing-agency-lead-generation/i/crypto/,0,274,0%,12.68
https://www.singlegrain.com/agency/ppc-management-agency/l/miami/,0,271,0%,36.03
https://www.singlegrain.com/agency/content-writing-service/i/gaming/,0,270,0%,43.36
https://www.singlegrain.com/agency/google-local-seo-service/l/florida/,0,268,0%,30.82
https://www.singlegrain.com/agency/lead-generation-agency/i/luxury/,0,263,0%,23.51
https://www.singlegrain.com/agency/bing-ads-agency/i/hotel/,0,255,0%,38.53
https://www.singlegrain.com/agency/web3-design-agency/,0,255,0%,40.62
https://www.singlegrain.com/agency/amazon-agency/,0,255,0%,64.6
https://www.singlegrain.com/agency/influencer-marketing-agency/i/crypto/,0,253,0%,26.79
https://www.singlegrain.com/agency/search-marketing-agency/l/los-angeles/,0,249,0%,17.9
https://www.singlegrain.com/agency/dental-seo-marketing-agency/,0,248,0%,82.34
https://www.singlegrain.com/agency/seo-agency/l/massachusetts/,0,245,0%,28.68
https://www.singlegrain.com/agency/digital-marketing-agency-youtube/l/los-angeles/,0,245,0%,43.19
https://www.singlegrain.com/agency/local-seo-agency/l/san-antonio/,0,238,0%,58.31
https://www.singlegrain.com/agency/sales-funnel-agency/i/luxury/,0,237,0%,19.96
https://www.singlegrain.com/agency/video-content-marketing-services/l/miami/,0,234,0%,26.29
https://www.singlegrain.com/agency/small-business-seo-agency/l/miami/,0,233,0%,32.25
https://www.singlegrain.com/agency/inbound-marketing-company/i/saas/,0,222,0%,44.4
https://www.singlegrain.com/agency/facebook-ad-management-agency/l/los-angeles/,0,220,0%,27.69
https://www.singlegrain.com/agency/reels-influencer-marketing-agency/i/education/,0,216,0%,34.45
https://www.singlegrain.com/agency/voice-search-optimization-agency/,0,216,0%,35.79
https://www.singlegrain.com/es/agency/podcast-agencia-pr/,0,215,0%,39.6
https://www.singlegrain.com/agency/reputation-management-agency/l/san-francisco/,0,212,0%,25.78
https://www.singlegrain.com/agency/ugc-agency/i/gaming/,0,212,0%,47.48
https://www.singlegrain.com/agency/cro-campaign-services/i/saas,0,205,0%,10.01
https://www.singlegrain.com/agency/local-seo-agency/,0,203,0%,74.83
https://www.singlegrain.com/agency/discord-marketing-agency/i/e-commerce/,0,201,0%,20.72
https://www.singlegrain.com/agency/social-media-management-services/i/blockchain/,0,200,0%,11.1
https://www.singlegrain.com/agency/email-marketing-services/l/los-angeles/,0,200,0%,34.92
https://www.singlegrain.com/agency/conversion-rate-optimization-consulting/l/california/,0,198,0%,76.48
https://www.singlegrain.com/agency/seo-agency/l/santa-barbara/,0,195,0%,29.45
https://www.singlegrain.com/agency/local-seo-agency/l/miami/,0,195,0%,33.8
https://www.singlegrain.com/agency/product-led-growth-agency/i/health/,0,194,0%,19.41
https://www.singlegrain.com/es/agency/agencia-de-crecimiento-de-twitter/,0,189,0%,62.83
https://www.singlegrain.com/agency/short-form-video-agency/i/education/,0,187,0%,19.72
https://www.singlegrain.com/es/agency/agencia-de-marketing-para-pequenas-empresas-en-los-angeles/,0,186,0%,36.12
https://www.singlegrain.com/agency/youtube-seo-agency/,0,185,0%,41.11
https://www.singlegrain.com/agency/b2b-seo-agency/l/austin/,0,184,0%,28.02
https://www.singlegrain.com/agency/google-display-ads-agency/i/saas,0,181,0%,16.8
https://www.singlegrain.com/agency/ai-marketing-agency/i/health/,0,179,0%,37.39
https://www.singlegrain.com/agency/marketing-operations-agency/,0,178,0%,36.08
https://www.singlegrain.com/agency/cro-expert-company/l/san-francisco/,0,177,0%,12.81
https://www.singlegrain.com/agency/ppc-campaign-management/i/hotel/,0,177,0%,30.61
https://www.singlegrain.com/agency/ppc-management-agency/i/e-commerce/,0,177,0%,70.02
https://www.singlegrain.com/agency/seo-agency/l/long-beach/,0,176,0%,32.82
https://www.singlegrain.com/agency/sales-funnel-services/i/e-commerce/,0,175,0%,51.52
https://www.singlegrain.com/agency/branding-agency/l/florida/,0,174,0%,41.7
https://www.singlegrain.com/agency/branding-agency/,0,172,0%,58.69
https://www.singlegrain.com/agency/linkedin-ads-agency/i/crypto/,0,171,0%,13.59
https://www.singlegrain.com/agency/small-business-seo-agency/l/los-angeles/,0,171,0%,29.53
https://www.singlegrain.com/agency/twitter-promotion-services/,0,171,0%,58.64
https://www.singlegrain.com/agency/local-seo-agency/l/orange-county/,0,170,0%,31.75
https://www.singlegrain.com/agency/paid-search-agency/l/los-angeles/,0,167,0%,31.43
https://www.singlegrain.com/agency/affiliate-marketing-agency/l/florida/,0,167,0%,34.02
https://www.singlegrain.com/agency/conversion-rate-optimization-consulting/i/luxury,0,165,0%,43.04
https://www.singlegrain.com/agency/full-service-content-marketing-agency/l/florida/,0,162,0%,18.59
https://www.singlegrain.com/agency/reddit-marketing-agency/i/saas/,0,162,0%,20.14
https://www.singlegrain.com/agency/b2b-consulting-firms/i/health,0,159,0%,15.01
https://www.singlegrain.com/agency/hvac-seo-agency/,0,158,0%,69.87
https://www.singlegrain.com/agency/local-seo-agency/l/san-francisco/,0,156,0%,38.85
https://www.singlegrain.com/agency/generative-ai-consulting/i/education/,0,148,0%,41.74
https://www.singlegrain.com/agency/ai-seo-consultants/,0,148,0%,51.55
https://www.singlegrain.com/agency/linkedin-marketing-agency/i/fintech/,0,147,0%,52.66
https://www.singlegrain.com/agency/affiliate-marketing-agency/l/miami/,0,146,0%,7.9
https://www.singlegrain.com/agency/youtube-seo-services/i/health/,0,144,0%,18.69
https://www.singlegrain.com/agency/ppc-consulting/l/california/,0,140,0%,58.61
https://www.singlegrain.com/agency/seo-and-digital-marketing-services/l/miami/,0,140,0%,71.09
https://www.singlegrain.com/agency/amazon-seo-services/,0,139,0%,68.36
https://www.singlegrain.com/agency/cro-campaign-management/i/gaming,0,138,0%,62.66
https://www.singlegrain.com/agency/seo-agencies/l/florida/,0,136,0%,59.8
https://www.singlegrain.com/agency/ai-copywriting-agency/i/crypto/,0,135,0%,42.87
https://www.singlegrain.com/es/agency/agencia-de-marketing-de-viajes/,0,132,0%,53.05
https://www.singlegrain.com/agency/conversion-rate-optimization-consulting/l/san-diego/,0,131,0%,9.18
https://www.singlegrain.com/es/agency/agencia-de-marketing-de-whatsapp/,0,130,0%,9.29
https://www.singlegrain.com/agency/seo-agency/l/minneapolis/,0,130,0%,70.1
https://www.singlegrain.com/agency/b2b-seo-agency/i/health,0,129,0%,10.86
https://www.singlegrain.com/agency/link-building-agency/,0,129,0%,68.85
https://www.singlegrain.com/agency/ai-conversion-marketing-services/,0,127,0%,64.42
https://www.singlegrain.com/agency/conversion-rate-optimization-consulting/l/los-angeles/,0,126,0%,10.78
https://www.singlegrain.com/agency/reputation-management-agency/i/hotel/,0,123,0%,58.85
https://www.singlegrain.com/agency/full-service-content-marketing-agency/l/miami/,0,120,0%,34.02
https://www.singlegrain.com/agency/content-writing-service/l/miami/,0,118,0%,16.25
https://www.singlegrain.com/agency/influencer-marketing-agency/i/education/,0,118,0%,16.84
https://www.singlegrain.com/agency/voice-search-optimization-services/l/miami/,0,115,0%,47.53
https://www.singlegrain.com/es/agency/agencia-de-gestion-de-linkedin/,0,114,0%,84.04
https://www.singlegrain.com/agency/linkedin-marketing-agency/l/florida/,0,107,0%,19.64
https://www.singlegrain.com/agency/natural-link-building-service/i/saas,0,104,0%,24.81
https://www.singlegrain.com/agency/facebook-ad-management-agency/l/florida/,0,103,0%,11.34
https://www.singlegrain.com/agency/employer-branding-agency/i/gaming/,0,103,0%,55.7
https://www.singlegrain.com/agency/digital-marketing-consulting/l/san-francisco/,0,102,0%,50.74
https://www.singlegrain.com/agency/facebook-ads-agency/l/los-angeles/,0,101,0%,30.44
https://www.singlegrain.com/agency/storytelling-marketing-agency/,0,101,0%,52.96
https://www.singlegrain.com/agency/omnichannel-consulting/,0,100,0%,17.91
https://www.singlegrain.com/agency/ai-consulting-firms/i/real-estate/,0,100,0%,31.23
https://www.singlegrain.com/agency/sales-funnel-digital-marketing-agency/i/luxury/,0,99,0%,15.33
https://www.singlegrain.com/agency/digital-marketing-agency-lead-generation/l/orange-county/,0,99,0%,20.12
https://www.singlegrain.com/es/agency/agencia-de-marketing-de-la-discordia/,0,95,0%,15.32
https://www.singlegrain.com/es/agency/agencia-de-retencion-de-usuarios/,0,95,0%,29.38
https://www.singlegrain.com/agency/reels-influencer-marketing-agency/i/health/,0,92,0%,29.74
https://www.singlegrain.com/es/agency/fotografia-agencia-de-publicidad/,0,92,0%,36.83
https://www.singlegrain.com/agency/full-service-email-marketing-agency/l/san-diego/,0,90,0%,34.71
https://www.singlegrain.com/agency/b2b-digital-marketing-agency/i/fintech,0,89,0%,40.22
https://www.singlegrain.com/agency/paid-search-agency/i/saas,0,89,0%,48.18
https://www.singlegrain.com/agency/google-analytics-audit-service/l/orange-county/,0,88,0%,59.7
https://www.singlegrain.com/agency/cro-campaign-management/i/hotel,0,88,0%,72.32
https://www.singlegrain.com/agency/b2b-ecommerce-agency/i/education,0,87,0%,20.64
https://www.singlegrain.com/agency/local-seo-marketing-agency/l/california/,0,87,0%,37.41
https://www.singlegrain.com/agency/linkedin-ads-agency/l/florida/,0,86,0%,9.34
https://www.singlegrain.com/agency/b2b-ecommerce-agency/i/crypto,0,86,0%,29.83
https://www.singlegrain.com/agency/guest-post-link-building-service/i/e-commerce/,0,86,0%,37.42
https://www.singlegrain.com/agency/brand-strategist-agency/l/orange-county/,0,84,0%,15.32
https://www.singlegrain.com/agency/digital-marketing-consulting/i/crypto/,0,84,0%,87.6
https://www.singlegrain.com/agency/conversion-rate-optimization-consulting/,0,82,0%,47.93
https://www.singlegrain.com/agency/local-service-ads/i/health,0,81,0%,12.88
https://www.singlegrain.com/es/agency/agencia-de-marketing-vegana/,0,81,0%,13.32
https://www.singlegrain.com/agency/search-marketing-agency/l/san-diego/,0,81,0%,24.65
https://www.singlegrain.com/agency/seo-agencies/l/minneapolis/,0,81,0%,37.36
https://www.singlegrain.com/agency/video-content-creation-services/i/blockchain/,0,81,0%,58.98
https://www.singlegrain.com/agency/youtube-marketing-services/i/crypto,0,80,0%,92.45
https://www.singlegrain.com/agency/cro-expert-company/i/travel,0,77,0%,9.13
https://www.singlegrain.com/agency/ppc-management-agency/i/consumer,0,77,0%,19.26
https://www.singlegrain.com/agency/local-seo-agency/l/california/,0,77,0%,34.99
https://www.singlegrain.com/agency/inbound-link-building-service/i/saas,0,76,0%,5.79
https://www.singlegrain.com/agency/reputation-management-agency/l/florida/,0,76,0%,15.79
https://www.singlegrain.com/agency/web3-design-agency/i/fintech,0,75,0%,36.85
https://www.singlegrain.com/agency/ai-consulting-startups/i/health/,0,75,0%,55.87
https://www.singlegrain.com/agency/programmatic-display-agency/i/gaming,0,75,0%,75.41
https://www.singlegrain.com/agency/ai-content-marketing-agency/,0,74,0%,13.15
https://www.singlegrain.com/agency/link-building-agency/i/finance/,0,74,0%,40.41
https://www.singlegrain.com/es/agency/agencia-de-pago-por-cliente-potencial/,0,73,0%,38.55
https://www.singlegrain.com/agency/facebook-ads-agency/i/saas,0,70,0%,22.07
https://www.singlegrain.com/agency/seo-and-digital-marketing-services/l/san-francisco/,0,69,0%,86.51
https://www.singlegrain.com/agency/podcast-agency/l/san-diego/,0,68,0%,34.43
https://www.singlegrain.com/agency/mobile-seo-agency/,0,68,0%,69.49
https://www.singlegrain.com/agency/b2b-google-ads-agency/,0,68,0%,71.12
https://www.singlegrain.com/agency/full-service-digital-marketing-agency/,0,67,0%,30.16
https://www.singlegrain.com/agency/ppc-audit-services/i/saas,0,66,0%,16.62
https://www.singlegrain.com/agency/reputation-management-agency/l/california/,0,66,0%,20.98
https://www.singlegrain.com/es/agency/agencia-de-automatizacion-de-marketing/,0,66,0%,50.35
https://www.singlegrain.com/agency/reputation-management-agency/i/luxury/,0,66,0%,60.58
https://www.singlegrain.com/agency/b2b-seo-agency/,0,64,0%,59.45
https://www.singlegrain.com/es/agency/servicio-de-creacion-de-enlaces-de-guest-post/,0,63,0%,41.25
https://www.singlegrain.com/agency/ai-consulting-firms/i/fintech,0,62,0%,82.47
https://www.singlegrain.com/agency/twitter-ads-consulting/i/saas/,0,61,0%,7.59
https://www.singlegrain.com/agency/sales-funnel-services/i/education/,0,61,0%,34.92
https://www.singlegrain.com/agency/reputation-management-agency/i/saas/,0,60,0%,13.1
https://www.singlegrain.com/agency/tiktok-ads-agency/i/travel/,0,60,0%,37.88
https://www.singlegrain.com/agency/youtube-agency/i/crypto/,0,58,0%,17.84
https://www.singlegrain.com/agency/analytics-services/,0,58,0%,28.07
https://www.singlegrain.com/agency/conversion-rate-optimization-consultants/i/education,0,58,0%,69.5
https://www.singlegrain.com/agency/content-creation-marketing-agency/l/orange-county/,0,57,0%,26.98
https://www.singlegrain.com/agency/digital-marketing-services/i/blockchain,0,57,0%,86
https://www.singlegrain.com/agency/search-marketing-agency/l/florida/,0,56,0%,16.2
https://www.singlegrain.com/agency/amazon-marketing-agency/,0,56,0%,36.46
https://www.singlegrain.com/agency/marketing-automation-agency/i/e-commerce/,0,56,0%,66.82
https://www.singlegrain.com/agency/ai-consulting-firms/l/california/,0,54,0%,12.02
https://www.singlegrain.com/agency/facebook-ad-management-agency/l/san-diego/,0,54,0%,17.44
https://www.singlegrain.com/agency/local-seo-agency/l/san-diego/,0,54,0%,28.67
https://www.singlegrain.com/agency/cro-personalization/,0,54,0%,33.52
https://www.singlegrain.com/es/agency/youtube-consultoria/,0,53,0%,17.89
https://www.singlegrain.com/agency/influencer-marketing-agency/i/gaming/,0,53,0%,26.38
https://www.singlegrain.com/agency/content-writing-service/i/saas/,0,53,0%,27.04
https://www.singlegrain.com/agency/ai-consulting-startups/i/crypto/,0,53,0%,57.55
https://www.singlegrain.com/agency/digital-content-marketing-agency/l/miami/,0,52,0%,29.33
https://www.singlegrain.com/agency/cro-agency/i/education,0,51,0%,1.94
https://www.singlegrain.com/agency/conversion-rate-optimization-consultants/i/finance,0,51,0%,34.9
https://www.singlegrain.com/agency/marketing-analytics-services/i/crypto,0,48,0%,3.02
https://www.singlegrain.com/agency/klaviyo-email-marketing-agency/i/luxury/,0,48,0%,17.38
https://www.singlegrain.com/agency/google-analytics-audit-service/l/florida/,0,48,0%,61.33
https://www.singlegrain.com/agency/technical-seo-consultants/i/health/,0,48,0%,74.48
https://www.singlegrain.com/agency/cro-agency/i/fintech,0,47,0%,21.7
https://www.singlegrain.com/agency/lead-generation-agency/l/los-angeles/,0,44,0%,5.73
https://www.singlegrain.com/agency/b2b-google-ads-agency/i/e-commerce/,0,44,0%,28.39
https://www.singlegrain.com/agency/ai-consulting-firms/i/online-education,0,44,0%,29.48
https://www.singlegrain.com/agency/content-writing-agency/l/los-angeles/,0,44,0%,48.48
https://www.singlegrain.com/agency/branding-agency/l/california/,0,44,0%,58.86
https://www.singlegrain.com/agency/content-writing-agency/i/crypto,0,43,0%,13.95
https://www.singlegrain.com/agency/generative-ai-consulting/l/san-diego/,0,43,0%,14.44
https://www.singlegrain.com/agency/digital-marketing-automation-agency/,0,42,0%,34.95
https://www.singlegrain.com/agency/ppc-management-agency/i/saas,0,42,0%,37.14
https://www.singlegrain.com/agency/reputation-management-agency/i/blockchain/,0,41,0%,25.39
https://www.singlegrain.com/agency/content-writing-agency/l/florida/,0,41,0%,26.17
https://www.singlegrain.com/agency/enterprise-design-agency/i/hotel,0,41,0%,65.15
https://www.singlegrain.com/es/agency/agencia-de-narracion/,0,40,0%,14.22
https://www.singlegrain.com/agency/email-marketing-services/i/luxury,0,40,0%,18.12
https://www.singlegrain.com/agency/sales-and-marketing-agency/i/saas/,0,39,0%,4.54
https://www.singlegrain.com/agency/content-writing-service/l/san-francisco/,0,39,0%,10.46
https://www.singlegrain.com/es/agency/servicios-de-crecimiento-de-tiktok/,0,39,0%,17.69
https://www.singlegrain.com/agency/branding-agency/i/saas/,0,38,0%,9.58
https://www.singlegrain.com/es/agency/agencia-de-viajes-ugc/,0,38,0%,34.11
https://www.singlegrain.com/agency/google-keyword-planner-agency/l/los-angeles/,0,38,0%,47.95
https://www.singlegrain.com/agency/sales-and-marketing-agency/,0,38,0%,47.95
https://www.singlegrain.com/agency/inbound-marketing-company/l/orange-county/,0,37,0%,15.57
https://www.singlegrain.com/agency/inbound-marketing-consulting/i/saas,0,37,0%,35.08
https://www.singlegrain.com/agency/mobile-advertising-agency/,0,37,0%,41.46
https://www.singlegrain.com/agency/b2b-ecommerce-agency/l/california/,0,36,0%,21.56
https://www.singlegrain.com/agency/digital-marketing-consulting/i/blockchain/,0,36,0%,24.42
https://www.singlegrain.com/agency/cro-analysis-service/i/crypto,0,36,0%,37.94
https://www.singlegrain.com/agency/conversion-rate-optimization-consulting/i/saas,0,36,0%,38.64
https://www.singlegrain.com/es/agency/servicio-de-creacion-de-enlaces-de-guest-post-para-fintech/,0,36,0%,49.31
https://www.singlegrain.com/agency/facebook-ads-agency/l/florida/,0,36,0%,57.75
https://www.singlegrain.com/agency/social-media-marketing-agency/,0,35,0%,22.77
https://www.singlegrain.com/agency/email-marketing-services/i/travel/,0,35,0%,26.46
https://www.singlegrain.com/agency/b2b-seo-agency/i/saas,0,35,0%,42.34
https://www.singlegrain.com/agency/conversion-rate-optimization-consultants/i/hotel,0,35,0%,55.03
https://www.singlegrain.com/agency/content-writing-agency/l/san-francisco/,0,34,0%,10.5
https://www.singlegrain.com/agency/seo-audit-service/,0,34,0%,42.97
https://www.singlegrain.com/es/agency/agencia-de-anuncios-google-en-california/,0,33,0%,52.18
https://www.singlegrain.com/agency/podcast-marketing-agency/l/california/,0,31,0%,54.26
https://www.singlegrain.com/agency/seo-digital-marketing-agency/,0,31,0%,58.42
https://www.singlegrain.com/es/agency/servicios-seo-de-youtube-para-juegos/,0,30,0%,7.23
https://www.singlegrain.com/agency/seo-campaign-management/i/e-commerce/,0,30,0%,11.5
https://www.singlegrain.com/agency/search-marketing-agency/l/san-francisco/,0,30,0%,27.63
https://www.singlegrain.com/agency/facebook-ads-agency/,0,30,0%,68.1
https://www.singlegrain.com/agency/result-driven-online-marketing-agency/,0,29,0%,36.31
https://www.singlegrain.com/agency/seo-content-services/i/travel,0,29,0%,79.52
https://www.singlegrain.com/agency/facebook-ads-agency/l/california/,0,28,0%,9.68
https://www.singlegrain.com/agency/bing-seo-service/i/online-education,0,28,0%,19.82
https://www.singlegrain.com/agency/voice-search-optimization-agency/i/crypto/,0,28,0%,34.04
https://www.singlegrain.com/agency/content-writing-service/i/fintech/,0,27,0%,24.81
https://www.singlegrain.com/agency/marketing-automation-agency/l/florida/,0,27,0%,54.26
https://www.singlegrain.com/agency/conversion-rate-optimization-consultants/i/crypto,0,26,0%,51.23
https://www.singlegrain.com/agency/facebook-ad-management-agency/l/miami/,0,25,0%,12.16
https://www.singlegrain.com/agency/digital-marketing-audit-services/i/real-estate/,0,25,0%,39.08
https://www.singlegrain.com/agency/b2b-brand-agency/i/crypto,0,25,0%,42.24
https://www.singlegrain.com/agency/b2b-brand-agency/i/luxury/,0,25,0%,61.96
https://www.singlegrain.com/agency/ai-consulting-startups/l/san-diego/,0,24,0%,12.25
https://www.singlegrain.com/agency/b2b-consulting-firms/,0,24,0%,51.62
https://www.singlegrain.com/agency/inbound-link-building-service/i/hotel,0,23,0%,6.22
https://www.singlegrain.com/agency/inbound-link-building-service/i/fintech,0,23,0%,10.65
https://www.singlegrain.com/agency/ai-consulting-startups/l/florida/,0,23,0%,14.39
https://www.singlegrain.com/agency/google-ads-agency/l/san-diego/,0,23,0%,17.52
https://www.singlegrain.com/agency/paid-search-services/i/luxury,0,23,0%,25.74
https://www.singlegrain.com/agency/enterprise-cro-agency/i/e-commerce/,0,23,0%,64
https://www.singlegrain.com/agency/social-media-management-services/i/saas,0,22,0%,18
https://www.singlegrain.com/agency/tiktok-ads-agency/i/luxury,0,22,0%,59.27
https://www.singlegrain.com/agency/marketing-consulting-firms/,0,21,0%,15.24
https://www.singlegrain.com/agency/email-marketing-services/i/saas,0,21,0%,19
https://www.singlegrain.com/agency/custom-web-design-agency/,0,21,0%,49.1
https://www.singlegrain.com/agency/content-writing-service/i/health,0,21,0%,60.81
https://www.singlegrain.com/es/agency/agencia-google-my-business/,0,20,0%,13.8
https://www.singlegrain.com/agency/creative-ad-agency/l/denver/,0,20,0%,53.45
https://www.singlegrain.com/agency/ai-strategy-consulting/,0,20,0%,67.85
https://www.singlegrain.com/agency/data-storytelling-agency/,0,19,0%,3.32
https://www.singlegrain.com/agency/storytelling-marketing-agency/i/crypto/,0,19,0%,9.53
https://www.singlegrain.com/agency/digital-marketing-agency-lead-generation/i/saas,0,19,0%,12.42
https://www.singlegrain.com/agency/cro-campaign-management/i/education/,0,19,0%,17.21
https://www.singlegrain.com/agency/seo-ranking-services/l/los-angeles/,0,19,0%,35.05
https://www.singlegrain.com/agency/ai-consulting-firms/i/finance,0,19,0%,40.53
https://www.singlegrain.com/agency/ai-writing-agency/i/finance/,0,18,0%,8.33
https://www.singlegrain.com/agency/content-writing-service/l/san-diego/,0,18,0%,10.06
https://www.singlegrain.com/agency/content-writing-agency/i/real-estate/,0,18,0%,11.83
https://www.singlegrain.com/agency/full-service-digital-marketing-agency/l/california/,0,18,0%,32.94
https://www.singlegrain.com/agency/growth-marketing-agency/i/fintech,0,18,0%,35.83
https://www.singlegrain.com/agency/podcast-marketing-agency/l/los-angeles/,0,17,0%,14.53
https://www.singlegrain.com/agency/programmatic-advertising-agency/l/orange-county/,0,17,0%,20.59
https://www.singlegrain.com/agency/digital-marketing-agency-youtube/,0,17,0%,58.12
https://www.singlegrain.com/agency/responsive-web-design-agency/,0,17,0%,70.53
https://www.singlegrain.com/agency/facebook-ads-agency/i/e-commerce,0,16,0%,4.94
https://www.singlegrain.com/agency/marketing-consulting-firms/l/california/,0,16,0%,21.88
https://www.singlegrain.com/agency/international-seo-services/i/gaming/,0,16,0%,23.25
https://www.singlegrain.com/agency/advertising-agency-services/,0,16,0%,36.75
https://www.singlegrain.com/agency/content-writing-agency/l/california/,0,16,0%,36.88
https://www.singlegrain.com/agency/web3-design-agency/i/consumer,0,16,0%,46.19
https://www.singlegrain.com/agency/digital-marketing-agency-linkedin/i/crypto/,0,15,0%,5.8
https://www.singlegrain.com/agency/social-media-management-services/l/miami/,0,15,0%,22.93
https://www.singlegrain.com/agency/display-advertising-agencies/i/crypto,0,15,0%,26.87
https://www.singlegrain.com/agency/full-service-digital-marketing-agency/i/crypto,0,15,0%,31.13
https://www.singlegrain.com/es/agency/agencia-ugc-en-los-angeles/,0,15,0%,31.4
https://www.singlegrain.com/es/agency/consultoria-empresarial-de-whatsapp/,0,14,0%,5.64
https://www.singlegrain.com/agency/ai-writing-agency/,0,14,0%,7.14
https://www.singlegrain.com/agency/content-creation-marketing-agency/l/miami/,0,14,0%,8.07
https://www.singlegrain.com/agency/ppc-campaign-management/i/consumer/,0,14,0%,12.71
https://www.singlegrain.com/agency/storytelling-marketing-agency/i/blockchain/,0,14,0%,14.21
https://www.singlegrain.com/agency/digital-marketing-agency-lead-generation/i/e-commerce/,0,14,0%,19.86
https://www.singlegrain.com/agency/enterprise-design-agency/i/crypto,0,14,0%,72.86
https://www.singlegrain.com/agency/reputation-management-services/,0,14,0%,85.29
https://www.singlegrain.com/es/agency/agencia-de-videos-cortos/,0,13,0%,2.85
https://www.singlegrain.com/es/agency/agencia-de-marketing-basado-en-resultados/,0,13,0%,6.08
https://www.singlegrain.com/agency/seo-agency/l/detroit/,0,13,0%,16.15
https://www.singlegrain.com/agency/b2b-digital-marketing-agency/i/health,0,13,0%,22
https://www.singlegrain.com/agency/saas-link-building-agency/,0,13,0%,27.46
https://www.singlegrain.com/agency/seo-content-creation-services/i/luxury/,0,13,0%,29.54
https://www.singlegrain.com/agency/content-writing-service/l/los-angeles/,0,12,0%,19.75
https://www.singlegrain.com/agency/digital-marketing-agency-youtube/i/fintech,0,12,0%,34.58
https://www.singlegrain.com/agency/digital-pr-agency/,0,11,0%,2.18
https://www.singlegrain.com/agency/b2b-consulting-firms/i/finance,0,11,0%,4.45
https://www.singlegrain.com/es/agency/servicios-de-promocion-de-twitch/,0,11,0%,5.91
https://www.singlegrain.com/agency/saas-pr-agency/i/crypto,0,11,0%,13.09
https://www.singlegrain.com/agency/ecommerce-google-ads-agency/i/saas,0,11,0%,15.73
https://www.singlegrain.com/agency/web3-design-agency/i/saas,0,11,0%,19.45
https://www.singlegrain.com/agency/small-business-seo-agency/,0,11,0%,22.55
https://www.singlegrain.com/agency/display-advertising-agencies/i/crypto/,0,11,0%,27.18
https://www.singlegrain.com/agency/twitter-ads-consulting/i/consumer,0,11,0%,29.09
https://www.singlegrain.com/agency/inbound-marketing-service-packages/i/travel,0,11,0%,37.36
https://www.singlegrain.com/agency/b2b-ecommerce-agency/i/health,0,11,0%,41.45
https://www.singlegrain.com/es/agency/servicio-de-creacion-de-enlaces-para-saas/,0,11,0%,48.64
https://www.singlegrain.com/agency/programmatic-display-agency/,0,11,0%,59.82
https://www.singlegrain.com/agency/generative-ai-consulting/l/san-francisco/,0,10,0%,2.9
https://www.singlegrain.com/agency/marketing-as-a-service/i/saas/,0,10,0%,3.2
https://www.singlegrain.com/agency/youtube-marketing-services/i/gaming,0,10,0%,6.9
https://www.singlegrain.com/agency/influencer-marketing-agency/i/consumer,0,10,0%,7
https://www.singlegrain.com/agency/ai-consulting-firms/i/blockchain/,0,10,0%,7.3
https://www.singlegrain.com/agency/ai-writing-agency/i/saas/,0,10,0%,9.8
https://www.singlegrain.com/agency/full-service-content-marketing-agency/,0,10,0%,14.7
https://www.singlegrain.com/agency/paid-search-agency/l/san-francisco/,0,10,0%,15.8
https://www.singlegrain.com/agency/ai-strategy-consulting/i/e-commerce/,0,10,0%,17
https://www.singlegrain.com/agency/facebook-ad-management-agency/i/luxury/,0,10,0%,22.2
https://www.singlegrain.com/agency/reputation-management-agency/i/health/,0,10,0%,37.9
https://www.singlegrain.com/agency/youtube-advertising-agency/,0,10,0%,46.9
https://www.singlegrain.com/agency/seo-agencies/l/san-diego/,0,10,0%,73.4
https://www.singlegrain.com/agency/digital-marketing-services/i/health,0,9,0%,3.67
https://www.singlegrain.com/agency/digital-pr-services/,0,9,0%,3.89
https://www.singlegrain.com/agency/ai-consulting-startups/i/saas/,0,9,0%,5.33
https://www.singlegrain.com/agency/content-marketing-seo-services/i/saas,0,9,0%,6.56
https://www.singlegrain.com/agency/user-generated-content-agency/i/crypto,0,9,0%,7.22
https://www.singlegrain.com/agency/ai-writing-agency/i/consumer/,0,9,0%,8
https://www.singlegrain.com/agency/digital-marketing-agency-youtube/l/florida/,0,9,0%,16.22
https://www.singlegrain.com/agency/generative-ai-consulting/l/california/,0,9,0%,23.67
https://www.singlegrain.com/agency/b2b-digital-marketing-agency/i/gaming,0,9,0%,28.11
https://www.singlegrain.com/agency/google-keyword-planner-agency/i/crypto/,0,9,0%,30.33
https://www.singlegrain.com/agency/programmatic-ads-agency/i/saas,0,9,0%,36
https://www.singlegrain.com/agency/full-service-digital-marketing-agency/i/finance/,0,9,0%,39.33
https://www.singlegrain.com/agency/digital-marketing-agency-growth/,0,9,0%,39.56
https://www.singlegrain.com/agency/seo-and-digital-marketing-services/i/health/,0,8,0%,3.88
https://www.singlegrain.com/agency/facebook-ads-agency/i/finance,0,8,0%,4.38
https://www.singlegrain.com/agency/generative-ai-consulting/i/e-commerce/,0,8,0%,4.62
https://www.singlegrain.com/agency/seo-and-digital-marketing-services/i/saas/,0,8,0%,4.62
https://www.singlegrain.com/agency/cold-email-agency/l/orange-county/,0,8,0%,5.62
https://www.singlegrain.com/agency/storytelling-marketing-agency/i/fintech,0,8,0%,5.88
https://www.singlegrain.com/agency/seo-link-building-service/i/luxury,0,8,0%,6.5
https://www.singlegrain.com/agency/programmatic-managed-services/,0,8,0%,6.62
https://www.singlegrain.com/agency/facebook-ad-management-agency/i/saas,0,8,0%,7.25
https://www.singlegrain.com/agency/digital-marketing-agency-youtube/i/luxury,0,8,0%,10.62
https://www.singlegrain.com/agency/ai-consulting-companies/l/los-angeles/,0,8,0%,12
https://www.singlegrain.com/agency/branding-agency/l/los-angeles/,0,8,0%,16.25
https://www.singlegrain.com/agency/online-sales-funnel-consulting/i/travel,0,8,0%,16.25
https://www.singlegrain.com/agency/small-business-seo-agency/l/california/,0,8,0%,17
https://www.singlegrain.com/agency/seo-copywriting-agency/,0,8,0%,26.12
https://www.singlegrain.com/agency/user-generated-content-agency/,0,8,0%,26.75
https://www.singlegrain.com/agency/email-marketing-automation-agency/i/gaming,0,8,0%,31.12
https://www.singlegrain.com/agency/sales-and-marketing-agency/i/hotel,0,8,0%,76.88
https://www.singlegrain.com/agency/seo-management/i/crypto,0,8,0%,98.12
https://www.singlegrain.com/agency/facebook-ad-management-services/,0,7,0%,4.71
https://www.singlegrain.com/agency/saas-pr-agency/l/miami/,0,7,0%,5.71
https://www.singlegrain.com/agency/ai-consulting-startups/i/consumer,0,7,0%,6
https://www.singlegrain.com/agency/linkedin-ads-agency/i/hotel/,0,7,0%,8.14
https://www.singlegrain.com/agency/facebook-ad-management-services/i/gaming,0,7,0%,8.86
https://www.singlegrain.com/agency/seo-link-building-service/i/hotel/,0,7,0%,9
https://www.singlegrain.com/agency/omnichannel-consulting/i/consumer,0,7,0%,9.86
https://www.singlegrain.com/agency/generative-ai-consulting/i/saas/,0,7,0%,10.71
https://www.singlegrain.com/agency/seo-management/i/consumer/,0,7,0%,12
https://www.singlegrain.com/agency/ai-consulting-startups/l/san-francisco/,0,7,0%,14.29
https://www.singlegrain.com/agency/seo-agencies/i/hotel/,0,7,0%,16.29
https://www.singlegrain.com/agency/google-display-ads-agency/i/gaming/,0,7,0%,19.86
https://www.singlegrain.com/agency/youtube-advertising-agency/i/gaming/,0,7,0%,21.29
https://www.singlegrain.com/agency/corporate-seo-services/i/online-education,0,7,0%,24.43
https://www.singlegrain.com/agency/digital-analytics-consulting/l/los-angeles/,0,7,0%,31.86
https://www.singlegrain.com/agency/technical-seo-service/i/e-commerce/,0,7,0%,35.86
https://www.singlegrain.com/agency/ux-and-cro-agency/i/saas,0,7,0%,36.57
https://www.singlegrain.com/agency/advertising-agency-services/i/luxury/,0,6,0%,2.67
https://www.singlegrain.com/agency/google-keyword-planner-agency/l/san-diego/,0,6,0%,4.17
https://www.singlegrain.com/agency/social-media-management-services/i/online-education,0,6,0%,5
https://www.singlegrain.com/agency/ai-consulting-startups/l/miami/,0,6,0%,5.67
https://www.singlegrain.com/agency/marketing-analytics-services/i/consumer/,0,6,0%,5.83
https://www.singlegrain.com/agency/saas-pr-agency/l/california/,0,6,0%,6.17
https://www.singlegrain.com/agency/pinterest-management-agency/i/luxury/,0,6,0%,7.33
https://www.singlegrain.com/agency/influencer-marketing-agency/l/san-diego/,0,6,0%,8
https://www.singlegrain.com/agency/reputation-management-agency/i/fintech/,0,6,0%,8.17
https://www.singlegrain.com/agency/conversion-rate-optimization-service/i/luxury,0,6,0%,10.83
https://www.singlegrain.com/agency/digital-marketing-agency-growth/i/luxury,0,6,0%,14.83
https://www.singlegrain.com/agency/programmatic-managed-services/l/los-angeles/,0,6,0%,15.67
https://www.singlegrain.com/agency/video-content-marketing-services/i/saas,0,6,0%,21
https://www.singlegrain.com/agency/online-sales-funnel-consulting/i/saas,0,6,0%,21.67
https://www.singlegrain.com/agency/online-sales-funnel-consulting/i/education,0,6,0%,23.17
https://www.singlegrain.com/es/agency/agencia-de-estrategia-de-mercado/,0,6,0%,26.5
https://www.singlegrain.com/agency/google-keyword-planner-agency/i/hotel,0,6,0%,40
https://www.singlegrain.com/agency/marketing-technology-consulting/i/blockchain,0,6,0%,51.67
https://www.singlegrain.com/agency/adwords-consulting/i/saas,0,6,0%,60.33
https://www.singlegrain.com/agency/small-business-marketing-agency/i/saas,0,6,0%,64.33
https://www.singlegrain.com/agency/growth-marketing-agency/i/consumer,0,5,0%,3.8
https://www.singlegrain.com/agency/guest-post-link-building-service/i/luxury/,0,5,0%,5
https://www.singlegrain.com/agency/sales-and-marketing-agency/i/fintech,0,5,0%,6
https://www.singlegrain.com/agency/content-strategy-services/,0,5,0%,7.2
https://www.singlegrain.com/agency/full-service-email-marketing-agency/i/e-commerce,0,5,0%,7.2
https://www.singlegrain.com/agency/seo-service-agency/i/luxury,0,5,0%,7.2
https://www.singlegrain.com/agency/pharma-marketing-agency/,0,5,0%,7.6
https://www.singlegrain.com/agency/enterprise-advertising-agency/i/saas,0,5,0%,8.2
https://www.singlegrain.com/agency/ai-writing-agency/l/orange-county/,0,5,0%,8.4
https://www.singlegrain.com/agency/pinterest-management-agency/l/california/,0,5,0%,9.4
https://www.singlegrain.com/agency/seo-agencies/i/gaming,0,5,0%,11.4
https://www.singlegrain.com/agency/content-marketing-strategy-services/,0,5,0%,12.2
https://www.singlegrain.com/agency/influencer-marketing-agency/i/luxury/,0,5,0%,13
https://www.singlegrain.com/agency/conversion-rate-optimization-service/i/gaming,0,5,0%,13.4
https://www.singlegrain.com/agency/digital-marketing-audit-services/i/finance,0,5,0%,16.8
https://www.singlegrain.com/agency/small-business-marketing-agency/i/health,0,5,0%,17
https://www.singlegrain.com/agency/google-shopping-ads-agency/i/saas,0,5,0%,17.4
https://www.singlegrain.com/agency/growth-marketing-agency/i/saas,0,5,0%,18.6
https://www.singlegrain.com/agency/organic-seo-agency/i/saas/,0,5,0%,20
https://www.singlegrain.com/agency/marketing-technology-consulting/i/saas,0,5,0%,20.4
https://www.singlegrain.com/agency/seo-agencies/l/miami/,0,5,0%,22
https://www.singlegrain.com/agency/mobile-seo-agency/i/e-commerce,0,5,0%,25.4
https://www.singlegrain.com/agency/enterprise-digital-marketing-agency/,0,5,0%,25.6
https://www.singlegrain.com/agency/ai-consulting-startups/l/orange-county/,0,5,0%,27.2
https://www.singlegrain.com/agency/email-marketing-services/l/california/,0,5,0%,30
https://www.singlegrain.com/agency/ppc-consulting/i/e-commerce/,0,5,0%,37.6
https://www.singlegrain.com/agency/enterprise-cro-agency/i/travel,0,5,0%,41
https://www.singlegrain.com/agency/programmatic-seo-agency/i/blockchain,0,5,0%,53.6
https://www.singlegrain.com/agency/ecommerce-cro-services/l/miami/,0,5,0%,59
https://www.singlegrain.com/agency/content-production-agency/,0,4,0%,4.75
https://www.singlegrain.com/agency/social-ppc-agency/,0,4,0%,5
https://www.singlegrain.com/agency/seo-marketing-service/i/saas,0,4,0%,6
https://www.singlegrain.com/agency/white-label-local-seo-services/i/hotel,0,4,0%,6
https://www.singlegrain.com/agency/audience-intelligence-agency/i/health,0,4,0%,6.25
https://www.singlegrain.com/es/agency/agencia-de-reutilizacion-de-contenidos/,0,4,0%,7.25
https://www.singlegrain.com/agency/branding-agency/l/miami/,0,4,0%,7.5
https://www.singlegrain.com/agency/linkedin-ads-agency/l/san-diego/,0,4,0%,7.5
https://www.singlegrain.com/agency/generative-ai-consulting/i/crypto/,0,4,0%,7.75
https://www.singlegrain.com/agency/generative-ai-consulting/i/luxury/,0,4,0%,7.75
https://www.singlegrain.com/agency/linkedin-marketing-agency/,0,4,0%,7.75
https://www.singlegrain.com/agency/twitter-ads-consulting/i/crypto,0,4,0%,7.75
https://www.singlegrain.com/agency/brand-strategist-agency/l/florida/,0,4,0%,8.5
https://www.singlegrain.com/agency/marketing-as-a-service/i/hotel,0,4,0%,9
https://www.singlegrain.com/agency/social-ppc-agency/l/california/,0,4,0%,9.75
https://www.singlegrain.com/agency/paid-search-management-services/,0,4,0%,11.25
https://www.singlegrain.com/es/agency/agencia-de-influencia-ai/,0,4,0%,16.75
https://www.singlegrain.com/agency/google-local-seo-service/i/hotel,0,4,0%,17.25
https://www.singlegrain.com/agency/marketing-analytics-services/i/luxury,0,4,0%,18
https://www.singlegrain.com/agency/youtube-marketing-services/i/saas,0,4,0%,19
https://www.singlegrain.com/agency/content-repurposing-services/i/travel/,0,4,0%,22.75
https://www.singlegrain.com/agency/ai-business-consulting/i/luxury,0,4,0%,28.25
https://www.singlegrain.com/agency/enterprise-marketing-automation-agency/,0,4,0%,28.25
https://www.singlegrain.com/agency/local-seo-agency/i/travel/,0,4,0%,34
https://www.singlegrain.com/agency/link-building-agency/i/e-commerce,0,4,0%,55.25
https://www.singlegrain.com/agency/growth-strategy-agency/i/health,0,4,0%,62.75
https://www.singlegrain.com/agency/search-marketing-agency/i/education,0,4,0%,65
https://www.singlegrain.com/agency/international-seo-services/i/travel,0,4,0%,67.75
https://www.singlegrain.com/agency/social-media-management-services/i/health,0,3,0%,3.67
https://www.singlegrain.com/agency/content-writing-service/i/education/,0,3,0%,4.33
https://www.singlegrain.com/agency/social-media-management-services/i/finance/,0,3,0%,4.33
https://www.singlegrain.com/agency/retargeting-agency/i/crypto,0,3,0%,4.67
https://www.singlegrain.com/agency/web-analytics-consulting/i/crypto,0,3,0%,5
https://www.singlegrain.com/agency/digital-marketing-services/i/e-commerce,0,3,0%,5.33
https://www.singlegrain.com/agency/digital-marketing-agency-youtube/i/e-commerce,0,3,0%,5.67
https://www.singlegrain.com/agency/voice-search-optimization-services/l/florida/,0,3,0%,5.67
https://www.singlegrain.com/agency/brand-strategist-agency/l/miami/,0,3,0%,6.33
https://www.singlegrain.com/es/agency/ai-agencia-de-compra-de-medios/,0,3,0%,6.67
https://www.singlegrain.com/agency/facebook-agency-partner/i/hotel,0,3,0%,7
https://www.singlegrain.com/agency/linkedin-ads-agency/i/gaming,0,3,0%,7
https://www.singlegrain.com/agency/seo-marketing-service/i/luxury/,0,3,0%,7
https://www.singlegrain.com/agency/seo-management/l/san-diego/,0,3,0%,7.33
https://www.singlegrain.com/agency/audience-intelligence-agency/i/saas,0,3,0%,7.67
https://www.singlegrain.com/agency/google-shopping-agency/,0,3,0%,8
https://www.singlegrain.com/agency/content-repurposing-services/i/health,0,3,0%,8.33
https://www.singlegrain.com/agency/influencer-marketing-agency/i/e-commerce/,0,3,0%,8.33
https://www.singlegrain.com/es/agency/guest-post-servicio-de-construccion-de-enlaces-para-la-educacion-en-linea/,0,3,0%,8.33
https://www.singlegrain.com/agency/cro-services/i/crypto,0,3,0%,8.67
https://www.singlegrain.com/agency/conversion-rate-optimization-services/i/hotel,0,3,0%,9
https://www.singlegrain.com/agency/digital-marketing-agency-linkedin/i/fintech,0,3,0%,9
https://www.singlegrain.com/agency/growth-marketing-agency/i/education,0,3,0%,9
https://www.singlegrain.com/agency/pay-per-lead-agency/i/saas/,0,3,0%,9.33
https://www.singlegrain.com/es/agency/agencia-de-viajes-de-pago-por-cliente-potencial/,0,3,0%,9.33
https://www.singlegrain.com/agency/b2b-ecommerce-agency/l/los-angeles/,0,3,0%,9.67
https://www.singlegrain.com/agency/influencer-marketing-agency/l/florida/,0,3,0%,11.33
https://www.singlegrain.com/agency/local-seo-agency/l/florida/,0,3,0%,11.67
https://www.singlegrain.com/agency/omnichannel-agency/i/saas/,0,3,0%,16.33
https://www.singlegrain.com/agency/web-analytics-consulting/i/saas,0,3,0%,18.33
https://www.singlegrain.com/es/agency/servicios-ai-instagram/,0,3,0%,18.33
https://www.singlegrain.com/agency/marketing-analytics-services/,0,3,0%,23.33
https://www.singlegrain.com/agency/search-marketing-agency/i/saas,0,3,0%,23.33
https://www.singlegrain.com/agency/email-marketing-services/i/education/,0,3,0%,27.67
https://www.singlegrain.com/agency/paid-search-management-services/l/california/,0,3,0%,35
https://www.singlegrain.com/agency/digital-marketing-consulting/i/education,0,3,0%,40.67
https://www.singlegrain.com/agency/seo-content-services/i/blockchain,0,3,0%,48.67
https://www.singlegrain.com/agency/enterprise-seo-agency/i/hotel,0,3,0%,68.33
https://www.singlegrain.com/es/agency/agencia-de-gestion-de-twitter/,0,3,0%,73.33
https://www.singlegrain.com/agency/outsourcing-marketing-department/,0,3,0%,74.33
https://www.singlegrain.com/agency/sales-and-marketing-agency/i/consumer,0,2,0%,1.5
https://www.singlegrain.com/agency/bing-seo-service/i/e-commerce/,0,2,0%,2
https://www.singlegrain.com/es/agency/agencia-de-pago-por-cliente-potencial-para-criptomonedas/,0,2,0%,3.5
https://www.singlegrain.com/agency/digital-marketing-services/i/finance/,0,2,0%,4
https://www.singlegrain.com/es/agency/agencia-de-seo-programatico/,0,2,0%,4
https://www.singlegrain.com/es/agency/guest-post-servicio-de-construccion-de-enlaces-para-el-hotel/,0,2,0%,4
https://www.singlegrain.com/agency/digital-media-services/,0,2,0%,4.5
https://www.singlegrain.com/agency/facebook-ads-agency/i/travel,0,2,0%,4.5
https://www.singlegrain.com/agency/generative-ai-consulting/i/online-education/,0,2,0%,4.5
https://www.singlegrain.com/agency/google-shopping-agency/i/luxury,0,2,0%,5
https://www.singlegrain.com/agency/social-media-management-services/i/gaming,0,2,0%,5
https://www.singlegrain.com/agency/growth-marketing-agency/i/blockchain,0,2,0%,5.5
https://www.singlegrain.com/agency/saas-pr-agency/i/health,0,2,0%,5.5
https://www.singlegrain.com/agency/user-generated-content-agency/l/california/,0,2,0%,5.5
https://www.singlegrain.com/agency/omnichannel-agency/i/hotel,0,2,0%,6
https://www.singlegrain.com/agency/small-business-marketing-agency/i/gaming/,0,2,0%,6
https://www.singlegrain.com/agency/social-ppc-agency/l/los-angeles/,0,2,0%,6
https://www.singlegrain.com/agency/enterprise-creative-agency/l/miami/,0,2,0%,6.5
https://www.singlegrain.com/agency/programmatic-advertising-services/i/hotel/,0,2,0%,6.5
https://www.singlegrain.com/es/agency/agencia-de-generacion-de-contactos-para-criptomonedas/,0,2,0%,6.5
https://www.singlegrain.com/agency/marketing-as-a-service/l/miami/,0,2,0%,7
https://www.singlegrain.com/agency/enterprise-cro-agency/l/los-angeles/,0,2,0%,7.5
https://www.singlegrain.com/agency/mobile-seo-agency/l/los-angeles/,0,2,0%,7.5
https://www.singlegrain.com/agency/programmatic-advertising-services/i/saas,0,2,0%,7.5
https://www.singlegrain.com/agency/digital-marketing-services/l/florida/,0,2,0%,8
https://www.singlegrain.com/agency/linkedin-ads-agency/i/finance/,0,2,0%,8
https://www.singlegrain.com/agency/content-creative-agency/i/health/,0,2,0%,9
https://www.singlegrain.com/agency/google-shopping-ads-agency/i/e-commerce/,0,2,0%,10
https://www.singlegrain.com/agency/programmatic-advertising-agency/i/finance/,0,2,0%,10
https://www.singlegrain.com/agency/voice-search-optimization-agency/i/hotel,0,2,0%,10
https://www.singlegrain.com/agency/generative-ai-consulting/l/florida/,0,2,0%,10.5
https://www.singlegrain.com/agency/meta-marketing-agency/,0,2,0%,10.5
https://www.singlegrain.com/agency/social-media-content-creation-services/i/blockchain,0,2,0%,11.5
https://www.singlegrain.com/agency/social-media-management-services/i/education/,0,2,0%,11.5
https://www.singlegrain.com/agency/digital-content-marketing-agency/,0,2,0%,12.5
https://www.singlegrain.com/es/agency/agencia-de-generacion-de-contactos-para-el-sector-del-juego/,0,2,0%,16.5
https://www.singlegrain.com/agency/digital-marketing-agency-youtube/l/san-diego/,0,2,0%,22
https://www.singlegrain.com/agency/on-page-seo-services/,0,2,0%,24
https://www.singlegrain.com/agency/seo-and-digital-marketing-services/i/travel,0,2,0%,31
https://www.singlegrain.com/agency/programmatic-ads-agency/l/florida/,0,2,0%,31.5
https://www.singlegrain.com/agency/seo-agency/l/portland/,0,2,0%,37
https://www.singlegrain.com/agency/audience-intelligence-agency/i/crypto,0,2,0%,37.5
https://www.singlegrain.com/agency/content-writing-service/i/consumer/,0,2,0%,42.5
https://www.singlegrain.com/agency/cro-agency/,0,2,0%,47
https://www.singlegrain.com/agency/content-writing-agency/i/travel/,0,2,0%,56.5
https://www.singlegrain.com/agency/google-analytics-audit-service/l/miami/,0,2,0%,64.5
https://www.singlegrain.com/agency/paid-search-agency/i/hotel,0,2,0%,74.5
https://www.singlegrain.com/agency/conversion-rate-optimization-service/i/blockchain,0,2,0%,76.5
https://www.singlegrain.com/agency/employer-branding-agency/l/florida/,0,1,0%,1
https://www.singlegrain.com/agency/organic-social-media-agency/,0,1,0%,1
https://www.singlegrain.com/agency/inbound-marketing-company/i/travel,0,1,0%,2
https://www.singlegrain.com/agency/seo-agency/i/online-education,0,1,0%,2
https://www.singlegrain.com/agency/voice-search-optimization-services/i/hotel,0,1,0%,2
https://www.singlegrain.com/agency/generative-ai-consulting/i/hotel/,0,1,0%,3
https://www.singlegrain.com/agency/marketing-analytics-services/l/san-francisco/,0,1,0%,3
https://www.singlegrain.com/agency/marketing-as-a-service/i/finance,0,1,0%,3
https://www.singlegrain.com/agency/marketing-as-a-service/l/florida/,0,1,0%,3
https://www.singlegrain.com/agency/digital-marketing-services/l/san-francisco/,0,1,0%,4
https://www.singlegrain.com/agency/marketing-services/,0,1,0%,4
https://www.singlegrain.com/agency/ppc-consulting/i/education/,0,1,0%,4
https://www.singlegrain.com/agency/programmatic-display-agency/l/california/,0,1,0%,4
https://www.singlegrain.com/agency/reputation-management-firm/,0,1,0%,4
https://www.singlegrain.com/agency/seo-campaign-management/l/los-angeles/,0,1,0%,4
https://www.singlegrain.com/agency/seo-consultancy/i/hotel,0,1,0%,4
https://www.singlegrain.com/agency/pinterest-management-agency/i/e-commerce,0,1,0%,5
https://www.singlegrain.com/agency/podcast-marketing-agency/i/fintech,0,1,0%,5
https://www.singlegrain.com/agency/b2b-ecommerce-agency/l/miami/,0,1,0%,6
https://www.singlegrain.com/agency/display-advertising-agencies/i/saas,0,1,0%,6
https://www.singlegrain.com/agency/mobile-advertising-agency/l/los-angeles/,0,1,0%,6
https://www.singlegrain.com/agency/real-estate-seo-services/,0,1,0%,6
https://www.singlegrain.com/agency/seo-management/i/real-estate/,0,1,0%,6
https://www.singlegrain.com/agency/content-writing-service/i/travel/,0,1,0%,7
https://www.singlegrain.com/agency/email-marketing-services/i/hotel/,0,1,0%,7
https://www.singlegrain.com/agency/paid-search-services/i/real-estate/,0,1,0%,7
https://www.singlegrain.com/agency/seo-agencies/i/online-education,0,1,0%,7
https://www.singlegrain.com/agency/content-writing-agency/l/miami/,0,1,0%,8
https://www.singlegrain.com/agency/conversion-rate-optimization-consultants/i/e-commerce,0,1,0%,8
https://www.singlegrain.com/agency/enterprise-creative-agency/l/los-angeles/,0,1,0%,8
https://www.singlegrain.com/agency/growth-marketing-agency/i/travel,0,1,0%,8
https://www.singlegrain.com/agency/omnichannel-agency/l/florida/,0,1,0%,8
https://www.singlegrain.com/agency/ppc-consulting/l/miami/,0,1,0%,8
https://www.singlegrain.com/agency/seo-content-services/i/real-estate/,0,1,0%,8
https://www.singlegrain.com/agency/international-seo-services/i/fintech,0,1,0%,9
https://www.singlegrain.com/agency/local-service-ads/i/legal/,0,1,0%,9
https://www.singlegrain.com/agency/marketing-services-consulting/,0,1,0%,9
https://www.singlegrain.com/agency/seo-agencies/i/education,0,1,0%,9
https://www.singlegrain.com/agency/google-keyword-planner-agency/i/luxury,0,1,0%,10
https://www.singlegrain.com/agency/linkedin-marketing-agency/l/san-diego/,0,1,0%,10
https://www.singlegrain.com/agency/seo-copywriting-agency/i/finance,0,1,0%,10
https://www.singlegrain.com/agency/storytelling-marketing-agency/l/san-francisco/,0,1,0%,10
https://www.singlegrain.com/agency/technical-seo-agency/i/health,0,1,0%,10
https://www.singlegrain.com/agency/social-media-content-creation-services/i/saas,0,1,0%,11
https://www.singlegrain.com/agency/influencer-marketing-agency/l/miami/,0,1,0%,17
https://www.singlegrain.com/agency/podcast-marketing-services/i/saas,0,1,0%,17
https://www.singlegrain.com/agency/paid-search-services/l/miami/,0,1,0%,20
https://www.singlegrain.com/agency/podcast-marketing-agency/l/miami/,0,1,0%,20
https://www.singlegrain.com/agency/seo-consultancy/i/online-education,0,1,0%,23
https://www.singlegrain.com/agency/generative-ai-consulting/i/travel/,0,1,0%,25
https://www.singlegrain.com/agency/seo-audit-service/i/crypto,0,1,0%,27
https://www.singlegrain.com/agency/social-media-content-creation-services/i/health,0,1,0%,28
https://www.singlegrain.com/agency/enterprise-cro-agency/i/saas,0,1,0%,29
https://www.singlegrain.com/agency/organic-seo-agency/l/california/,0,1,0%,35
https://www.singlegrain.com/agency/local-seo-agency/i/saas/,0,1,0%,43